DRG Definition,Provider Id,Provider Name,Provider Street Address,Provider City,Provider State,Provider Zip Code,Hospital Referral Region Description, Total Discharges , Average Covered Charges , Average Total Payments ,Average Medicare Payments
470 - MAJOR JOINT REPLACEMENT OR REATTACHMENT OF LOWER EXTREMITY W/O MCC,460047,ST MARKS HOSPITAL,1200 EAST 3900 SOUTH,SALT LAKE CITY,UT,84124,UT - Salt Lake City,318,42300.17,14335.28,9694.58
470 - MAJOR JOINT REPLACEMENT OR REATTACHMENT OF LOWER EXTREMITY W/O MCC,460049,THE ORTHOPEDIC SPECIALTY HOSPITAL,5848 SOUTH 300 EAST,MURRAY,UT,84107,UT - Salt Lake City,251,31985.88,13310.93,8088.83
470 - MAJOR JOINT REPLACEMENT OR REATTACHMENT OF LOWER EXTREMITY W/O MCC,460051,JORDAN VALLEY MEDICAL CENTER,3580 WEST 9000 SOUTH,WEST JORDAN,UT,84088,UT - Salt Lake City,83,46460.74,13741.09,10844.59
470 - MAJOR JOINT REPLACEMENT OR REATTACHMENT OF LOWER EXTREMITY W/O MCC,460052,TIMPANOGOS REGIONAL HOSPITAL,750 WEST 800 NORTH,OREM,UT,84057,UT - Provo,66,45305.71,13162.57,9675.74
470 - MAJOR JOINT REPLACEMENT OR REATTACHMENT OF LOWER EXTREMITY W/O MCC,460054,CACHE VALLEY SPECIALITY HOSPITAL,2380 NORTH 400 EAST,NORTH LOGAN,UT,84341,UT - Salt Lake City,85,39656.41,11427.38,9311.37
470 - MAJOR JOINT REPLACEMENT OR REATTACHMENT OF LOWER EXTREMITY W/O MCC,460057,PARK CITY MEDICAL CENTER,900 ROUND VALLEY DRIVE,PARK CITY,UT,84060,UT - Salt Lake City,82,35216.2,15769.68,10429.34
470 - MAJOR JOINT REPLACEMENT OR REATTACHMENT OF LOWER EXTREMITY W/O MCC,460058,RIVERTON HOSPITAL,3741 WEST 12600 SOUTH,RIVERTON,UT,84065,UT - Salt Lake City,16,33774.81,13381.12,7030.75
470 - MAJOR JOINT REPLACEMENT OR REATTACHMENT OF LOWER EXTREMITY W/O MCC,470001,CENTRAL VERMONT MEDICAL CENTER,BOX 547,BARRE,VT,5641,VT - Burlington,64,28647.73,19254.46,17882.68
470 - MAJOR JOINT REPLACEMENT OR REATTACHMENT OF LOWER EXTREMITY W/O MCC,470003,FLETCHER ALLEN HOSPITAL OF VERMONT,111 COLCHESTER AVE,BURLINGTON,VT,5401,VT - Burlington,278,33203.72,19522.48,17034.05
470 - MAJOR JOINT REPLACEMENT OR REATTACHMENT OF LOWER EXTREMITY W/O MCC,470005,RUTLAND REGIONAL MEDICAL CENTER,160 ALLEN ST,RUTLAND,VT,5701,VT - Burlington,163,39034.84,16360.84,15312.49
470 - MAJOR JOINT REPLACEMENT OR REATTACHMENT OF LOWER EXTREMITY W/O MCC,470011,BRATTLEBORO MEMORIAL HOSPITAL,17 BELMONT AVE,BRATTLEBORO,VT,5301,NH - Lebanon,75,25456.32,18278.05,16878.02
470 - MAJOR JOINT REPLACEMENT OR REATTACHMENT OF LOWER EXTREMITY W/O MCC,470012,SOUTHWESTERN VERMONT MEDICAL CENTER,100 HOSPITAL DRIVE,BENNINGTON,VT,5201,NY - Albany,69,40783.98,14356.18,12208.63
470 - MAJOR JOINT REPLACEMENT OR REATTACHMENT OF LOWER EXTREMITY W/O MCC,470024,NORTHWESTERN MEDICAL CENTER INC,133 FAIRFIELD STREET,SAINT ALBANS,VT,5478,VT - Burlington,70,29029.54,19524.4,18084.35
470 - MAJOR JOINT REPLACEMENT OR REATTACHMENT OF LOWER EXTREMITY W/O MCC,490004,ROCKINGHAM MEMORIAL HOSPITAL,2010 HEALTH CAMPUS DRIVE,HARRISONBURG,VA,22801,VA - Charlottesville,109,28620.61,13743,12006.99
470 - MAJOR JOINT REPLACEMENT OR REATTACHMENT OF LOWER EXTREMITY W/O MCC,490005,WINCHESTER MEDICAL CENTER INC,220 CAMPUS BLVD SUITE 210,WINCHESTER,VA,22601,VA - Winchester,372,25624.21,13604.15,11129.92
470 - MAJOR JOINT REPLACEMENT OR REATTACHMENT OF LOWER EXTREMITY W/O MCC,490007,SENTARA NORFOLK GENERAL HOSPITAL,600 GRESHAM DR,NORFOLK,VA,23507,VA - Norfolk,12,37429.66,14887.83,13949.83
470 - MAJOR JOINT REPLACEMENT OR REATTACHMENT OF LOWER EXTREMITY W/O MCC,490009,UNIVERSITY OF VIRGINIA MEDICAL CENTER,JEFFERSON PARK AVE,CHARLOTTESVILLE,VA,22908,VA - Charlottesville,257,50740.99,20008.04,16679.7
470 - MAJOR JOINT REPLACEMENT OR REATTACHMENT OF LOWER EXTREMITY W/O MCC,490011,BON SECOURS - DEPAUL MEDICAL CENTER,150 KINGSLEY LANE,NORFOLK,VA,23505,VA - Norfolk,57,46911.49,13061.33,10810.91
470 - MAJOR JOINT REPLACEMENT OR REATTACHMENT OF LOWER EXTREMITY W/O MCC,490013,HALIFAX REGIONAL HOSPITAL,2204 WILBORN AVENUE,HALIFAX,VA,24558,NC - Durham,55,41043.8,13938.49,11048.52
470 - MAJOR JOINT REPLACEMENT OR REATTACHMENT OF LOWER EXTREMITY W/O MCC,490017,BON SECOURS MARYVIEW MEDICAL CENTER,3636 HIGH STREET,PORTSMOUTH,VA,23707,VA - Norfolk,150,56437.36,13641.28,10835.17
470 - MAJOR JOINT REPLACEMENT OR REATTACHMENT OF LOWER EXTREMITY W/O MCC,490018,AUGUSTA HEALTH,78 MEDICAL CENTER DRIVE,FISHERSVILLE,VA,22939,VA - Charlottesville,411,45307,14439.38,11253.98
470 - MAJOR JOINT REPLACEMENT OR REATTACHMENT OF LOWER EXTREMITY W/O MCC,490019,CULPEPER REGIONAL HOSPITAL,501 SUNSET LANE,CULPEPER,VA,22701,VA - Charlottesville,138,46287.36,14026.47,11344.08
470 - MAJOR JOINT REPLACEMENT OR REATTACHMENT OF LOWER EXTREMITY W/O MCC,490020,JOHN RANDOLPH MEDICAL CENTER,411 WEST RANDOLPH ROAD,HOPEWELL,VA,23860,VA - Richmond,15,98134.2,12022,10969.73
470 - MAJOR JOINT REPLACEMENT OR REATTACHMENT OF LOWER EXTREMITY W/O MCC,490021,"CENTRA  HEALTH, INC",1920 ATHERHOLT ROAD,LYNCHBURG,VA,24501,VA - Lynchburg,507,29353.93,13170.09,10407.9
470 - MAJOR JOINT REPLACEMENT OR REATTACHMENT OF LOWER EXTREMITY W/O MCC,490022,"MARY WASHINGTON HOSPITAL, INC",1001 SAM PERRY BOULEVARD,FREDERICKSBURG,VA,22401,VA - Richmond,402,49303.2,13951.51,11849.98
470 - MAJOR JOINT REPLACEMENT OR REATTACHMENT OF LOWER EXTREMITY W/O MCC,490023,"THE FAUQUIER HOSPITAL, INC",500 HOSPITAL DRIVE,WARRENTON,VA,20186,VA - Arlington,96,31852.7,13392.04,10505.22
470 - MAJOR JOINT REPLACEMENT OR REATTACHMENT OF LOWER EXTREMITY W/O MCC,490024,CARILION ROANOKE MEMORIAL CENTER,"1906 BELLEVIEW AVENUE, SE",ROANOKE,VA,24014,VA - Roanoke,683,53441.01,16008,11195.99
470 - MAJOR JOINT REPLACEMENT OR REATTACHMENT OF LOWER EXTREMITY W/O MCC,490027,MOUNTAIN VIEW REGIONAL MEDICAL CENTER,310 THIRD STREET NE,NORTON,VA,24273,TN - Kingsport,32,34328.84,11630.71,9768.87
470 - MAJOR JOINT REPLACEMENT OR REATTACHMENT OF LOWER EXTREMITY W/O MCC,490032,MEDICAL COLLEGE OF VIRGINIA HOSPITALS,1250 EAST MARSHALL STREET - BOX 980510,RICHMOND,VA,23298,VA - Richmond,167,55327.17,20308.37,15879.8
470 - MAJOR JOINT REPLACEMENT OR REATTACHMENT OF LOWER EXTREMITY W/O MCC,490033,WARREN MEMORIAL HOSPITAL,1000 NORTH SHENANDOAH AVE,FRONT ROYAL,VA,22630,VA - Winchester,13,30245.61,16428.15,13584.84
470 - MAJOR JOINT REPLACEMENT OR REATTACHMENT OF LOWER EXTREMITY W/O MCC,490037,RIVERSIDE SHORE MEMORIAL HOSPITAL,9507 HOSPITAL AVENUE,NASSAWADOX,VA,23413,VA - Norfolk,11,37030.54,11417.81,10291.63
470 - MAJOR JOINT REPLACEMENT OR REATTACHMENT OF LOWER EXTREMITY W/O MCC,490038,SMYTH COUNTY COMMUNITY HOSPITAL,245 MEDICAL PARK DRIVE,MARION,VA,24354,TN - Kingsport,26,99885.42,12740.73,11744.3
470 - MAJOR JOINT REPLACEMENT OR REATTACHMENT OF LOWER EXTREMITY W/O MCC,490040,INOVA ALEXANDRIA HOSPITAL,4320 SEMINARY RD,ALEXANDRIA,VA,22304,VA - Arlington,262,32050.74,14246.9,11010.94
470 - MAJOR JOINT REPLACEMENT OR REATTACHMENT OF LOWER EXTREMITY W/O MCC,490041,MARY IMMACULATE HOSPITAL,2 BERNARDINE DRIVE,NEWPORT NEWS,VA,23602,VA - Newport News,738,61720.29,11501.31,9233.26
470 - MAJOR JOINT REPLACEMENT OR REATTACHMENT OF LOWER EXTREMITY W/O MCC,490042,CARILION NEW RIVER VALLEY MEDICAL CENTER,2900 LAMB CIRCLE,CHRISTIANSBURG,VA,24073,VA - Roanoke,71,51899.61,13085.67,10456.7
470 - MAJOR JOINT REPLACEMENT OR REATTACHMENT OF LOWER EXTREMITY W/O MCC,490043,INOVA LOUDOUN HOSPITAL,44045 RIVERSIDE PARKWAY,LEESBURG,VA,20176,VA - Arlington,75,37015.36,12697.21,11321.01
470 - MAJOR JOINT REPLACEMENT OR REATTACHMENT OF LOWER EXTREMITY W/O MCC,490044,SENTARA OBICI HOSPITAL,2800 GODWIN BOULEVARD,SUFFOLK,VA,23439,VA - Norfolk,129,36430.19,12483.3,10543.41
470 - MAJOR JOINT REPLACEMENT OR REATTACHMENT OF LOWER EXTREMITY W/O MCC,490045,PRINCE WILLIAM HOSPITAL,8700 SUDLEY RD,MANASSAS,VA,20110,VA - Arlington,104,40118.39,12896.98,11013.49
470 - MAJOR JOINT REPLACEMENT OR REATTACHMENT OF LOWER EXTREMITY W/O MCC,490046,SENTARA LEIGH HOSPITAL,830 KEMPSVILLE ROAD,NORFOLK,VA,23502,VA - Norfolk,784,32943.98,12360.85,9975.18
470 - MAJOR JOINT REPLACEMENT OR REATTACHMENT OF LOWER EXTREMITY W/O MCC,490048,LEWISGALE MEDICAL CENTER,1900 ELECTRIC ROAD,SALEM,VA,24153,VA - Roanoke,319,64505.46,11357.23,9337.7
470 - MAJOR JOINT REPLACEMENT OR REATTACHMENT OF LOWER EXTREMITY W/O MCC,490050,VIRGINIA HOSPITAL CENTER - ARLINGTON,1701 NORTH GEORGE MASON DRIVE,ARLINGTON,VA,22205,VA - Arlington,450,36546.5,13368.81,11865.35
470 - MAJOR JOINT REPLACEMENT OR REATTACHMENT OF LOWER EXTREMITY W/O MCC,490052,RIVERSIDE REGIONAL MEDICAL CENTER,500 J CLYDE MORRIS BLVD,NEWPORT NEWS,VA,23601,VA - Newport News,89,35843.39,13904.74,12188.79
470 - MAJOR JOINT REPLACEMENT OR REATTACHMENT OF LOWER EXTREMITY W/O MCC,490053,JOHNSTON MEMORIAL HOSPITAL,16000 JOHNSTON MEMORIAL DRIVE,ABINGDON,VA,24211,TN - Kingsport,137,60978.22,11654.16,9111.45
470 - MAJOR JOINT REPLACEMENT OR REATTACHMENT OF LOWER EXTREMITY W/O MCC,490057,SENTARA VIRGINIA BEACH GENERAL HOSPITAL,1060 FIRST COLONIAL ROAD,VIRGINIA BEACH,VA,23454,VA - Norfolk,240,35034.62,11847.22,9556.28
470 - MAJOR JOINT REPLACEMENT OR REATTACHMENT OF LOWER EXTREMITY W/O MCC,490059,BON SECOURS - ST MARYS HOSPITAL OF RICHMOND,5801 BREMO RD,RICHMOND,VA,23226,VA - Richmond,448,51805.56,12444.87,10200.09
470 - MAJOR JOINT REPLACEMENT OR REATTACHMENT OF LOWER EXTREMITY W/O MCC,490060,CLINCH VALLEY MEDICAL CENTER,6801 GOV G C PEERY HWY,RICHLANDS,VA,24641,TN - Kingsport,12,62846.66,11323.91,10294.25
470 - MAJOR JOINT REPLACEMENT OR REATTACHMENT OF LOWER EXTREMITY W/O MCC,490063,INOVA FAIRFAX HOSPITAL,3300 GALLOWS RD,FALLS CHURCH,VA,22042,VA - Arlington,316,32537.92,15392.18,12090.82
470 - MAJOR JOINT REPLACEMENT OR REATTACHMENT OF LOWER EXTREMITY W/O MCC,490066,SENTARA WILLIAMSBURG REGIONAL MEDICAL CENTER,100 SENTARA CIRCLE,WILLIAMSBURG,VA,23188,VA - Newport News,147,33606.61,12064.37,9982.62
470 - MAJOR JOINT REPLACEMENT OR REATTACHMENT OF LOWER EXTREMITY W/O MCC,490067,SOUTHSIDE REGIONAL MEDICAL CENTER,200 MEDICAL PARK BOULEVARD,PETERSBURG,VA,23805,VA - Richmond,89,98845.83,12446.95,11033.52
470 - MAJOR JOINT REPLACEMENT OR REATTACHMENT OF LOWER EXTREMITY W/O MCC,490069,BON SECOURS - MEMORIAL REGIONAL MEDICAL,8260 ATLEE ROAD,MECHANICSVILLE,VA,23116,VA - Richmond,264,53914.84,12455.29,10428.3
470 - MAJOR JOINT REPLACEMENT OR REATTACHMENT OF LOWER EXTREMITY W/O MCC,490075,DANVILLE REGIONAL MEDICAL CENTER,142 SOUTH MAIN STREET,DANVILLE,VA,24541,NC - Durham,72,44593.33,13091.86,10895.23
470 - MAJOR JOINT REPLACEMENT OR REATTACHMENT OF LOWER EXTREMITY W/O MCC,490077,MARTHA JEFFERSON HOSPITAL,500 MARTHA JEFFERSON DRIVE,CHARLOTTESVILLE,VA,22911,VA - Charlottesville,275,28726.52,11739.64,9310.5
470 - MAJOR JOINT REPLACEMENT OR REATTACHMENT OF LOWER EXTREMITY W/O MCC,490079,MEMORIAL HOSPITAL OF MARTINSVILLE & HENRY COUNTY,320 HOSPITAL DRIVE,MARTINSVILLE,VA,24115,NC - Durham,40,37982,12520.35,10391.7
470 - MAJOR JOINT REPLACEMENT OR REATTACHMENT OF LOWER EXTREMITY W/O MCC,490084,RIVERSIDE TAPPAHANNOCK HOSPITAL,618 HOSPITAL ROAD,TAPPAHANNOCK,VA,22560,VA - Richmond,46,28092.65,13853.23,11802.15
470 - MAJOR JOINT REPLACEMENT OR REATTACHMENT OF LOWER EXTREMITY W/O MCC,490090,"SOUTHSIDE COMMUNITY HOSPITAL, INC",800 OAK STREET,FARMVILLE,VA,23901,VA - Richmond,31,38874.54,12581.12,10458.45
470 - MAJOR JOINT REPLACEMENT OR REATTACHMENT OF LOWER EXTREMITY W/O MCC,490092,SOUTHAMPTON MEMORIAL HOSPITAL,100 FAIRVIEW DRIVE,FRANKLIN,VA,23851,VA - Norfolk,45,55403.6,13301.53,11865.68
470 - MAJOR JOINT REPLACEMENT OR REATTACHMENT OF LOWER EXTREMITY W/O MCC,490093,SENTARA CAREPLEX HOSPITAL,3000 COLISEUM DRIVE,HAMPTON,VA,23666,VA - Newport News,156,37582.03,13043.78,9615.4
470 - MAJOR JOINT REPLACEMENT OR REATTACHMENT OF LOWER EXTREMITY W/O MCC,490097,SOUTHERN VIRGINIA REGIONAL MEDICAL CENTER,727 NORTH MAIN STREET,EMPORIA,VA,23847,VA - Richmond,12,100851.33,11826,10702
470 - MAJOR JOINT REPLACEMENT OR REATTACHMENT OF LOWER EXTREMITY W/O MCC,490098,"COMMUNITY MEMORIAL HEALTHCENTER, INC",125 BUENA VISTA CIRCLE,SOUTH HILL,VA,23970,VA - Richmond,26,50839.92,11781.3,9989.03
470 - MAJOR JOINT REPLACEMENT OR REATTACHMENT OF LOWER EXTREMITY W/O MCC,490101,INOVA FAIR OAKS HOSPITAL,3600 JOSEPH SIEWICK DRIVE,FAIRFAX,VA,22033,VA - Arlington,351,31176.98,13180.84,10039.02
470 - MAJOR JOINT REPLACEMENT OR REATTACHMENT OF LOWER EXTREMITY W/O MCC,490107,RESTON HOSPITAL CENTER,1850 TOWN CENTER PARKWAY,RESTON,VA,20190,VA - Arlington,314,46291.5,12828.5,9274.13
470 - MAJOR JOINT REPLACEMENT OR REATTACHMENT OF LOWER EXTREMITY W/O MCC,490110,LEWISGALE HOSPITAL MONTGOMERY,3700 SOUTH MAIN STREET,BLACKSBURG,VA,24060,VA - Roanoke,142,76000.59,12349.87,10255.66
470 - MAJOR JOINT REPLACEMENT OR REATTACHMENT OF LOWER EXTREMITY W/O MCC,490111,WYTHE COUNTY COMMUNITY HOSPITAL,600 WEST RIDGE ROAD,WYTHEVILLE,VA,24382,VA - Roanoke,114,40330.91,14458.45,11977.78
470 - MAJOR JOINT REPLACEMENT OR REATTACHMENT OF LOWER EXTREMITY W/O MCC,490112,CJW MEDICAL CENTER,1401 JOHNSTON WILLIS DRIVE,RICHMOND,VA,23235,VA - Richmond,530,117477.32,12925.91,10138.55
470 - MAJOR JOINT REPLACEMENT OR REATTACHMENT OF LOWER EXTREMITY W/O MCC,490113,SENTARA POTOMAC HOSPITAL,2300 OPITZ BOULEVARD,WOODBRIDGE,VA,22191,VA - Arlington,86,37174.36,13780.65,11564.33
470 - MAJOR JOINT REPLACEMENT OR REATTACHMENT OF LOWER EXTREMITY W/O MCC,490115,TWIN COUNTY REGIONAL HOSPITAL,200 HOSPITAL DRIVE,GALAX,VA,24333,NC - Winston-Salem,26,58397.61,16643.34,10377.61
470 - MAJOR JOINT REPLACEMENT OR REATTACHMENT OF LOWER EXTREMITY W/O MCC,490116,LEWISGALE HOSPITAL PULASKI,2400 LEE HIGHWAY,PULASKI,VA,24301,VA - Roanoke,21,55633.38,11945,10873
470 - MAJOR JOINT REPLACEMENT OR REATTACHMENT OF LOWER EXTREMITY W/O MCC,490118,HENRICO DOCTORS' HOSPITAL,1602 SKIPWITH ROAD,RICHMOND,VA,23229,VA - Richmond,358,84887.25,12494.62,9848.07
470 - MAJOR JOINT REPLACEMENT OR REATTACHMENT OF LOWER EXTREMITY W/O MCC,490119,SENTARA PRINCESS ANNE HOSPITAL,2025 GLENN MITCHELL DRIVE,VIRGINIA BEACH,VA,23456,VA - Norfolk,44,33002.81,12822.88,9964.02
470 - MAJOR JOINT REPLACEMENT OR REATTACHMENT OF LOWER EXTREMITY W/O MCC,490120,CHESAPEAKE REGIONAL MEDICAL CENTER,736 BATTLEFIELD BLVD NORTH,CHESAPEAKE,VA,23320,VA - Norfolk,201,44658.39,11658.17,10414.35
470 - MAJOR JOINT REPLACEMENT OR REATTACHMENT OF LOWER EXTREMITY W/O MCC,490122,INOVA MOUNT VERNON HOSPITAL,2501 PARKERS LANE,ALEXANDRIA,VA,22306,VA - Arlington,823,27549.13,11912.76,9533.01
470 - MAJOR JOINT REPLACEMENT OR REATTACHMENT OF LOWER EXTREMITY W/O MCC,490123,RAPPAHANNOCK GENERAL HOSPITAL,101 HARRIS ROAD,KILMARNOCK,VA,22482,VA - Richmond,27,27980.07,12857.74,11559.81
470 - MAJOR JOINT REPLACEMENT OR REATTACHMENT OF LOWER EXTREMITY W/O MCC,490126,LEWISGALE HOSPITAL ALLEGHANY,ONE ARH LANE - PO BOX 7,LOW MOOR,VA,24457,VA - Roanoke,112,56473.13,13161.21,10018.61
470 - MAJOR JOINT REPLACEMENT OR REATTACHMENT OF LOWER EXTREMITY W/O MCC,490130,RIVERSIDE WALTER REED HOSPITAL,7519 HOSPITAL ROAD,GLOUCESTER,VA,23061,VA - Newport News,87,26382.16,11596.43,9008.57
470 - MAJOR JOINT REPLACEMENT OR REATTACHMENT OF LOWER EXTREMITY W/O MCC,490136,BON SECOURS - ST FRANCIS MEDICAL CENTER,13700 STFRANCIS BLVD SUITE 100,MIDLOTHIAN,VA,23114,VA - Richmond,213,59874.47,12610.27,10813.84
470 - MAJOR JOINT REPLACEMENT OR REATTACHMENT OF LOWER EXTREMITY W/O MCC,490140,"STAFFORD HOSPITAL, LLC","101 HOSPITAL CENTER BOULEVARD, SUITE 307",STAFFORD,VA,22554,VA - Richmond,38,47378.02,13057.55,9884.68
470 - MAJOR JOINT REPLACEMENT OR REATTACHMENT OF LOWER EXTREMITY W/O MCC,490141,SPOTSYLVANIA REGIONAL MEDICAL CENTER,4600 SPOTSYLVANIA PARKWAY,FREDERICKSBURG,VA,22408,VA - Richmond,33,39396.42,12633.33,8471.27
470 - MAJOR JOINT REPLACEMENT OR REATTACHMENT OF LOWER EXTREMITY W/O MCC,500001,NORTHWEST HOSPITAL,1550 NORTH 115TH STREET,SEATTLE,WA,98133,WA - Seattle,175,62501.69,13695.53,11951.55
470 - MAJOR JOINT REPLACEMENT OR REATTACHMENT OF LOWER EXTREMITY W/O MCC,500002,PROVIDENCE ST MARY MEDICAL CENTER,401 W POPLAR ST,WALLA WALLA,WA,99362,WA - Spokane,143,45269.24,13629.35,11746.95
470 - MAJOR JOINT REPLACEMENT OR REATTACHMENT OF LOWER EXTREMITY W/O MCC,500003,SKAGIT VALLEY HOSPITAL,1415 KINCAID STREET,MOUNT VERNON,WA,98274,WA - Everett,183,43124.3,14483.14,12391.73
470 - MAJOR JOINT REPLACEMENT OR REATTACHMENT OF LOWER EXTREMITY W/O MCC,500005,VIRGINIA MASON MEDICAL CENTER,1100 NINTH AVENUE (PO BOX 900),SEATTLE,WA,98111,WA - Seattle,308,35949.06,17225.34,14232.97
470 - MAJOR JOINT REPLACEMENT OR REATTACHMENT OF LOWER EXTREMITY W/O MCC,500007,ISLAND HOSPITAL,1211  24TH STREET,ANACORTES,WA,98221,WA - Everett,154,31460.03,13954.59,11906.81
470 - MAJOR JOINT REPLACEMENT OR REATTACHMENT OF LOWER EXTREMITY W/O MCC,500008,UNIVERSITY OF WASHINGTON MEDICAL CTR,1959 NE PACIFIC ST,SEATTLE,WA,98195,WA - Seattle,215,31753.43,21521.38,18862.58
470 - MAJOR JOINT REPLACEMENT OR REATTACHMENT OF LOWER EXTREMITY W/O MCC,500011,HIGHLINE MEDICAL CENTER,16251 SYLVESTER ROAD SW,BURIEN,WA,98166,WA - Seattle,89,55447.2,14135.02,12879.25
470 - MAJOR JOINT REPLACEMENT OR REATTACHMENT OF LOWER EXTREMITY W/O MCC,500012,YAKIMA REGIONAL MEDICAL AND CARDIAC CENTER,110 SOUTH NINTH AVE,YAKIMA,WA,98902,WA - Yakima,65,76546.5,14481.86,12093.55
470 - MAJOR JOINT REPLACEMENT OR REATTACHMENT OF LOWER EXTREMITY W/O MCC,500014,PROVIDENCE REGIONAL MEDICAL CENTER EVERETT,1321 COLBY AVENUE,EVERETT,WA,98201,WA - Everett,301,51576.1,15634.83,11909.15
470 - MAJOR JOINT REPLACEMENT OR REATTACHMENT OF LOWER EXTREMITY W/O MCC,500015,AUBURN REGIONAL MEDICAL CENTER,202 N DIVISION STREET PLAZA ONE,AUBURN,WA,98001,WA - Seattle,30,62683.03,14574.03,13489.36
470 - MAJOR JOINT REPLACEMENT OR REATTACHMENT OF LOWER EXTREMITY W/O MCC,500016,CENTRAL WASHINGTON HOSPITAL,1201 SOUTH MILLER STREET,WENATCHEE,WA,98807,WA - Spokane,329,40889.68,14630.41,13013.31
470 - MAJOR JOINT REPLACEMENT OR REATTACHMENT OF LOWER EXTREMITY W/O MCC,500019,PROVIDENCE CENTRALIA HOSPITAL,914 S SCHEUBER ROAD,CENTRALIA,WA,98531,WA - Olympia,125,68524.44,15812.52,13582.77
470 - MAJOR JOINT REPLACEMENT OR REATTACHMENT OF LOWER EXTREMITY W/O MCC,500021,SAINT CLARE HOSPITAL,11315 BRIDGEPORT WAY S W,LAKEWOOD,WA,98499,WA - Tacoma,189,76632.15,14689.87,13031.11
470 - MAJOR JOINT REPLACEMENT OR REATTACHMENT OF LOWER EXTREMITY W/O MCC,500024,PROVIDENCE ST PETER HOSPITAL,413 LILLY ROAD NE,OLYMPIA,WA,98506,WA - Olympia,365,60934.13,14972.47,11370.04
470 - MAJOR JOINT REPLACEMENT OR REATTACHMENT OF LOWER EXTREMITY W/O MCC,500026,SWEDISH EDMONDS HOSPITAL,21601 76TH AVENUE WEST,EDMONDS,WA,98026,WA - Seattle,86,51274.73,15012.62,12599.91
470 - MAJOR JOINT REPLACEMENT OR REATTACHMENT OF LOWER EXTREMITY W/O MCC,500027,SWEDISH MEDICAL CENTER,747 BROADWAY,SEATTLE,WA,98122,WA - Seattle,949,60465.94,16541.32,13557.91
470 - MAJOR JOINT REPLACEMENT OR REATTACHMENT OF LOWER EXTREMITY W/O MCC,500030,ST JOSEPH MEDICAL CENTER,2901 SQUALICUM PARKWAY,BELLINGHAM,WA,98225,WA - Seattle,301,37299.44,15118.81,12694.88
470 - MAJOR JOINT REPLACEMENT OR REATTACHMENT OF LOWER EXTREMITY W/O MCC,500031,GRAYS HARBOR COMMUNITY HOSPITAL,915 ANDERSON DRIVE,ABERDEEN,WA,98520,WA - Seattle,102,78604.49,14006.39,12577.55
470 - MAJOR JOINT REPLACEMENT OR REATTACHMENT OF LOWER EXTREMITY W/O MCC,500033,SAMARITAN HOSPITAL,801 EAST WHEELER ROAD,MOSES LAKE,WA,98837,WA - Spokane,79,37600.72,16282.96,14699.82
470 - MAJOR JOINT REPLACEMENT OR REATTACHMENT OF LOWER EXTREMITY W/O MCC,500036,YAKIMA VALLEY MEMORIAL HOSPITAL,2811 TIETON DRIVE,YAKIMA,WA,98902,WA - Yakima,300,31819.1,15379.46,12662.42
470 - MAJOR JOINT REPLACEMENT OR REATTACHMENT OF LOWER EXTREMITY W/O MCC,500039,HARRISON MEDICAL CENTER,2520 CHERRY AVENUE,BREMERTON,WA,98310,WA - Seattle,413,60943.61,15597.74,12166.84
470 - MAJOR JOINT REPLACEMENT OR REATTACHMENT OF LOWER EXTREMITY W/O MCC,500041,PEACHEALTH ST JOHN MEDICAL CENTER,1615 DELAWARE STREET,LONGVIEW,WA,98632,OR - Portland,170,29546.45,15275.27,12853.57
470 - MAJOR JOINT REPLACEMENT OR REATTACHMENT OF LOWER EXTREMITY W/O MCC,500044,DEACONESS HOSPITAL,W 800 FIFTH AVENUE,SPOKANE,WA,99210,WA - Spokane,185,77553.02,15902.47,13003.42
470 - MAJOR JOINT REPLACEMENT OR REATTACHMENT OF LOWER EXTREMITY W/O MCC,500049,WALLA WALLA GENERAL HOSPITAL,1025 S SECOND AVE,WALLA WALLA,WA,99362,WA - Spokane,49,43433.65,13113,12011.93
470 - MAJOR JOINT REPLACEMENT OR REATTACHMENT OF LOWER EXTREMITY W/O MCC,500050,PEACEHEALTH SOUTHWEST MEDICAL CENTER,400 NE MOTHER JOSEPH PLACE,VANCOUVER,WA,98668,OR - Portland,229,48557.62,15592.9,12305.65
470 - MAJOR JOINT REPLACEMENT OR REATTACHMENT OF LOWER EXTREMITY W/O MCC,500051,OVERLAKE HOSPITAL MEDICAL CENTER,1035-116TH AVE NE,BELLEVUE,WA,98004,WA - Seattle,390,45672.16,13444.47,10980.76
470 - MAJOR JOINT REPLACEMENT OR REATTACHMENT OF LOWER EXTREMITY W/O MCC,500053,KENNEWICK GENERAL HOSPITAL,900 SOUTH AUBURN STREET,KENNEWICK,WA,99336,WA - Spokane,82,41230.76,14732.06,12332.18
470 - MAJOR JOINT REPLACEMENT OR REATTACHMENT OF LOWER EXTREMITY W/O MCC,500054,PROVIDENCE SACRED HEART MEDICAL CENTER,101 WEST 8TH AVENUE,SPOKANE,WA,99204,WA - Spokane,478,47203.23,16141.88,12847.23
470 - MAJOR JOINT REPLACEMENT OR REATTACHMENT OF LOWER EXTREMITY W/O MCC,500058,KADLEC REGIONAL MEDICAL CENTER,888 SWIFT BLVD,RICHLAND,WA,99352,WA - Spokane,142,41353.51,14104.63,11978.9
470 - MAJOR JOINT REPLACEMENT OR REATTACHMENT OF LOWER EXTREMITY W/O MCC,500060,CASCADE VALLEY HOSPITAL,330 S STILLAGUAMISH AVE,ARLINGTON,WA,98223,WA - Everett,21,37488.85,16271,15203.57
470 - MAJOR JOINT REPLACEMENT OR REATTACHMENT OF LOWER EXTREMITY W/O MCC,500064,HARBORVIEW MEDICAL CENTER,325 9TH AVENUE,SEATTLE,WA,98104,WA - Seattle,26,67104.57,24298.26,16468.88
470 - MAJOR JOINT REPLACEMENT OR REATTACHMENT OF LOWER EXTREMITY W/O MCC,500072,OLYMPIC MEDICAL CENTER,939 CAROLINE ST,PORT ANGELES,WA,98362,WA - Seattle,152,25674.94,14187.83,11720.84
470 - MAJOR JOINT REPLACEMENT OR REATTACHMENT OF LOWER EXTREMITY W/O MCC,500077,PROVIDENCE HOLY FAMILY HOSPITAL,5633 NORTH LIDGERWOOD,SPOKANE,WA,99208,WA - Spokane,224,46501.31,13800.53,11852.41
470 - MAJOR JOINT REPLACEMENT OR REATTACHMENT OF LOWER EXTREMITY W/O MCC,500079,MULTICARE GOOD SAMARITAN HOSPITAL,401 15TH AVENUE SE,PUYALLUP,WA,98372,WA - Tacoma,184,89100.56,14950.41,12147.68
470 - MAJOR JOINT REPLACEMENT OR REATTACHMENT OF LOWER EXTREMITY W/O MCC,500084,VALLEY GENERAL HOSPITAL,14701 179TH SE,MONROE,WA,98272,WA - Everett,29,40473,15420.93,13830.93
470 - MAJOR JOINT REPLACEMENT OR REATTACHMENT OF LOWER EXTREMITY W/O MCC,500088,VALLEY MEDICAL CENTER,400 S 43RD ST,RENTON,WA,98055,WA - Seattle,384,58787.65,16453.22,13955.67
470 - MAJOR JOINT REPLACEMENT OR REATTACHMENT OF LOWER EXTREMITY W/O MCC,500108,ST JOSEPH MEDICAL CENTER,1717 SOUTH J STREET,TACOMA,WA,98405,WA - Tacoma,217,74259.17,16736.59,11487.81
470 - MAJOR JOINT REPLACEMENT OR REATTACHMENT OF LOWER EXTREMITY W/O MCC,500119,VALLEY HOSPITAL,12606 EAST MISSION AVENUE,SPOKANE,WA,99216,WA - Spokane,166,65176.83,14203.95,11108.14
470 - MAJOR JOINT REPLACEMENT OR REATTACHMENT OF LOWER EXTREMITY W/O MCC,500124,EVERGREEN HOSPITAL MEDICAL CENTER,12040 NE 128TH STREET,KIRKLAND,WA,98034,WA - Seattle,232,43857.89,14418.81,11343.35
470 - MAJOR JOINT REPLACEMENT OR REATTACHMENT OF LOWER EXTREMITY W/O MCC,500129,TACOMA GENERAL ALLENMORE HOSPITAL,315 S MLK JR WAY,TACOMA,WA,98415,WA - Tacoma,214,86021.8,17368.83,13932.52
470 - MAJOR JOINT REPLACEMENT OR REATTACHMENT OF LOWER EXTREMITY W/O MCC,500139,CAPITAL MEDICAL CENTER,3900 CAPITAL MALL DR SW,OLYMPIA,WA,98502,WA - Olympia,130,60191.13,13953.32,11541.21
470 - MAJOR JOINT REPLACEMENT OR REATTACHMENT OF LOWER EXTREMITY W/O MCC,500141,ST FRANCIS COMMUNITY HOSPITAL,34515 9TH AVENUE SOUTH,FEDERAL WAY,WA,98003,WA - Seattle,151,76709.98,16808.44,12013.85
470 - MAJOR JOINT REPLACEMENT OR REATTACHMENT OF LOWER EXTREMITY W/O MCC,500148,WENATCHEE VALLEY HOSPITAL,820 NORTH CHELAN STREET,WENATCHEE,WA,98801,WA - Spokane,38,24618.71,12729.44,9857.5
470 - MAJOR JOINT REPLACEMENT OR REATTACHMENT OF LOWER EXTREMITY W/O MCC,500150,LEGACY SALMON CREEK MEDICAL CENTER,2211 NE 139TH STREET,VANCOUVER,WA,98686,OR - Portland,241,31891.83,15589.81,13514.49
470 - MAJOR JOINT REPLACEMENT OR REATTACHMENT OF LOWER EXTREMITY W/O MCC,500151,ST ANTHONY HOSPITAL,11567 CANTERWOOD BOULEVARD NW,GIG HARBOR,WA,98332,WA - Tacoma,196,71391.05,15345.95,12392.92
470 - MAJOR JOINT REPLACEMENT OR REATTACHMENT OF LOWER EXTREMITY W/O MCC,510001,WEST VIRGINIA UNIVERSITY HOSPITALS,MEDICAL CENTER DRIVE,MORGANTOWN,WV,26506,WV - Morgantown,46,45662.17,16719.04,15511
470 - MAJOR JOINT REPLACEMENT OR REATTACHMENT OF LOWER EXTREMITY W/O MCC,510002,GREENBRIER VALLEY MEDICAL CENTER,202 MAPLEWOOD AVENUE  PO BOX 497,RONCEVERTE,WV,24970,WV - Charleston,18,35364.61,12448.72,11104.5
470 - MAJOR JOINT REPLACEMENT OR REATTACHMENT OF LOWER EXTREMITY W/O MCC,510006,UNITED HOSPITAL CENTER,327 MEDICAL PARK DRIVE,BRIDGEPORT,WV,26330,WV - Morgantown,203,24510.16,12611.72,11123.8
470 - MAJOR JOINT REPLACEMENT OR REATTACHMENT OF LOWER EXTREMITY W/O MCC,510007,ST MARY'S MEDICAL CENTER,2900 1ST AVENUE,HUNTINGTON,WV,25701,WV - Huntington,259,32903.38,12943.63,11191.06
470 - MAJOR JOINT REPLACEMENT OR REATTACHMENT OF LOWER EXTREMITY W/O MCC,510008,CITY HOSPITAL,P O BOX 1418   DRY RUN ROAD,MARTINSBURG,WV,25401,VA - Winchester,116,27352.28,14166.04,10689.41
470 - MAJOR JOINT REPLACEMENT OR REATTACHMENT OF LOWER EXTREMITY W/O MCC,510012,PLEASANT VALLEY HOSPITAL,2520 VALLEY DRIVE,POINT PLEASANT,WV,25550,WV - Huntington,17,39908.64,11053,10059.82
470 - MAJOR JOINT REPLACEMENT OR REATTACHMENT OF LOWER EXTREMITY W/O MCC,510022,CHARLESTON AREA MEDICAL CENTER,501 MORRIS STREET,CHARLESTON,WV,25301,WV - Charleston,217,37841.92,13591.7,11436.3
470 - MAJOR JOINT REPLACEMENT OR REATTACHMENT OF LOWER EXTREMITY W/O MCC,510023,WEIRTON MEDICAL CENTER,601 COLLIERS WAY,WEIRTON,WV,26062,PA - Pittsburgh,63,27712.93,10469.63,9106.41
470 - MAJOR JOINT REPLACEMENT OR REATTACHMENT OF LOWER EXTREMITY W/O MCC,510024,MONONGALIA COUNTY GENERAL HOSPITAL,1200 JD ANDERSON DR,MORGANTOWN,WV,26505,WV - Morgantown,229,33276.68,10936,8717.6
470 - MAJOR JOINT REPLACEMENT OR REATTACHMENT OF LOWER EXTREMITY W/O MCC,510029,THOMAS MEMORIAL HOSPITAL,4605 MACCORKLE AVE SW,SOUTH CHARLESTO,WV,25309,WV - Charleston,180,28341.99,11591.9,9780.58
470 - MAJOR JOINT REPLACEMENT OR REATTACHMENT OF LOWER EXTREMITY W/O MCC,510030,DAVIS MEMORIAL HOSPITAL,PO BOX 1484,ELKINS,WV,26241,WV - Morgantown,73,32297.16,11599.49,10107.06
470 - MAJOR JOINT REPLACEMENT OR REATTACHMENT OF LOWER EXTREMITY W/O MCC,510031,ST FRANCIS HOSPITAL,333 LAIDLEY ST,CHARLESTON,WV,25301,WV - Charleston,250,40883.5,11606.85,9523.19
470 - MAJOR JOINT REPLACEMENT OR REATTACHMENT OF LOWER EXTREMITY W/O MCC,510033,ST JOSEPHS HEALTHCARE SYSTEM,1824 MURDOCH AVENUE,PARKERSBURG,WV,26102,WV - Charleston,86,28742.51,10831.84,8776.23
470 - MAJOR JOINT REPLACEMENT OR REATTACHMENT OF LOWER EXTREMITY W/O MCC,510038,STONEWALL JACKSON MEM HOSP,230 HOSPITAL PLAZA,WESTON,WV,26452,WV - Charleston,31,35927.77,11624.45,10409.35
470 - MAJOR JOINT REPLACEMENT OR REATTACHMENT OF LOWER EXTREMITY W/O MCC,510039,OHIO VALLEY MEDICAL CENTER,2000 EOFF STREET,WHEELING,WV,26003,PA - Pittsburgh,62,33179.8,11522.66,10283.46
470 - MAJOR JOINT REPLACEMENT OR REATTACHMENT OF LOWER EXTREMITY W/O MCC,510046,PRINCETON COMMUNITY HOSPITAL,122 12TH STREET,PRINCETON,WV,24740,VA - Roanoke,136,27605.38,11483.86,10066.55
470 - MAJOR JOINT REPLACEMENT OR REATTACHMENT OF LOWER EXTREMITY W/O MCC,510047,FAIRMONT GENERAL HOSPITAL,1325 LOCUST AVENUE,FAIRMONT,WV,26554,WV - Morgantown,34,38925.82,11814.08,10223.67
470 - MAJOR JOINT REPLACEMENT OR REATTACHMENT OF LOWER EXTREMITY W/O MCC,510048,LOGAN REGIONAL MEDICAL CENTER,20 HOSPITAL DRIVE,LOGAN,WV,25601,WV - Charleston,55,53123.01,16494.5,12131.27
470 - MAJOR JOINT REPLACEMENT OR REATTACHMENT OF LOWER EXTREMITY W/O MCC,510050,WHEELING HOSPITAL,1 MEDICAL PARK,WHEELING,WV,26003,PA - Pittsburgh,79,22591.36,11624.64,10307.92
470 - MAJOR JOINT REPLACEMENT OR REATTACHMENT OF LOWER EXTREMITY W/O MCC,510053,ST JOSEPH HOSPITAL,1 AMALIA DRIVE,BUCKHANNON,WV,26201,WV - Charleston,13,23172.76,13167,12042.38
470 - MAJOR JOINT REPLACEMENT OR REATTACHMENT OF LOWER EXTREMITY W/O MCC,510055,CABELL-HUNTINGTON HOSPITAL INC,1340 HAL GREER BOULEVARD,HUNTINGTON,WV,25701,WV - Huntington,191,39196.66,16969.11,14528.3
470 - MAJOR JOINT REPLACEMENT OR REATTACHMENT OF LOWER EXTREMITY W/O MCC,510058,CAMDEN CLARK MEDICAL CENTER,800 GARFIELD AVE,PARKERSBURG,WV,26101,WV - Charleston,156,32518.94,11366.46,9621.38
470 - MAJOR JOINT REPLACEMENT OR REATTACHMENT OF LOWER EXTREMITY W/O MCC,510062,BECKLEY ARH HOSPITAL,306 STANAFORD ROAD,BECKLEY,WV,25801,WV - Charleston,36,29953.22,12005.58,10975.02
470 - MAJOR JOINT REPLACEMENT OR REATTACHMENT OF LOWER EXTREMITY W/O MCC,510070,RALEIGH GENERAL HOSPITAL,1710 HARPER ROAD,BECKLEY,WV,25801,WV - Charleston,61,47256.91,11720.75,10228.57
470 - MAJOR JOINT REPLACEMENT OR REATTACHMENT OF LOWER EXTREMITY W/O MCC,510071,BLUEFIELD REGIONAL MEDICAL CENTER,500 CHERRY ST,BLUEFIELD,WV,24701,VA - Roanoke,77,36921.64,11933.74,10337.54
470 - MAJOR JOINT REPLACEMENT OR REATTACHMENT OF LOWER EXTREMITY W/O MCC,510082,SUMMERSVILLE REGIONAL MEDICAL CENTER,400 FAIRVIEW HEIGHTS ROAD,SUMMERSVILLE,WV,26651,WV - Charleston,15,18206,12901,11853
470 - MAJOR JOINT REPLACEMENT OR REATTACHMENT OF LOWER EXTREMITY W/O MCC,510085,CAMC TEAYS VALLEY HOSPITAL,1400 HOSPITAL DRIVE,HURRICANE,WV,25526,WV - Charleston,36,33306.75,12300.47,9577.11
470 - MAJOR JOINT REPLACEMENT OR REATTACHMENT OF LOWER EXTREMITY W/O MCC,520002,MINISTRY ST MICHAELS HOSPITAL OF STEVENS POINT,900 ILLINOIS AVE,STEVENS POINT,WI,54481,WI - Marshfield,108,25625.35,12342.28,11049.4
470 - MAJOR JOINT REPLACEMENT OR REATTACHMENT OF LOWER EXTREMITY W/O MCC,520004,"MAYO CLINIC HLTH SYSTEM- FRANCISCAN MED CTR, INC",700 WEST AVE S,LA CROSSE,WI,54601,WI - La Crosse,153,31632.92,14002.1,12634.85
470 - MAJOR JOINT REPLACEMENT OR REATTACHMENT OF LOWER EXTREMITY W/O MCC,520008,WAUKESHA MEMORIAL HOSPITAL,725 AMERICAN AVE,WAUKESHA,WI,53188,WI - Milwaukee,234,39545.52,13539.84,10646.48
470 - MAJOR JOINT REPLACEMENT OR REATTACHMENT OF LOWER EXTREMITY W/O MCC,520009,ST ELIZABETH HSPTL,1506 S ONEIDA ST,APPLETON,WI,54915,WI - Appleton,70,26786.7,13470.42,10568.2
470 - MAJOR JOINT REPLACEMENT OR REATTACHMENT OF LOWER EXTREMITY W/O MCC,520011,LAKEVIEW MED CENTER,1700 WEST STOUT STREET,RICE LAKE,WI,54868,WI - Marshfield,154,28310.98,12613.24,11330.77
470 - MAJOR JOINT REPLACEMENT OR REATTACHMENT OF LOWER EXTREMITY W/O MCC,520013,SACRED HEART HSPTL,900 W CLAIREMONT AVE,EAU CLAIRE,WI,54701,MN - Minneapolis,140,35468.63,14432.47,12480.25
470 - MAJOR JOINT REPLACEMENT OR REATTACHMENT OF LOWER EXTREMITY W/O MCC,520017,ST JOSEPHS HSPTL,2661 CTY HWY I,CHIPPEWA FALLS,WI,54729,WI - Marshfield,42,44188.26,14725.85,12707.5
470 - MAJOR JOINT REPLACEMENT OR REATTACHMENT OF LOWER EXTREMITY W/O MCC,520019,MINISTRY ST MARYS HOSPITAL,2251 NORTH SHORE DR,RHINELANDER,WI,54501,WI - Wausau,117,25952.01,13611.01,12545.27
470 - MAJOR JOINT REPLACEMENT OR REATTACHMENT OF LOWER EXTREMITY W/O MCC,520021,UNITED HSPTL SYS,6308 EIGHTH AVE,KENOSHA,WI,53143,WI - Milwaukee,145,45023.77,13885.89,10862.64
470 - MAJOR JOINT REPLACEMENT OR REATTACHMENT OF LOWER EXTREMITY W/O MCC,520027,"COLUMBIA ST MARY'S HOSPITAL OZAUKEE, INC",13111 N PORT WASHINGTON RD,MEQUON,WI,53097,WI - Milwaukee,105,47390.59,12608.52,10389.84
470 - MAJOR JOINT REPLACEMENT OR REATTACHMENT OF LOWER EXTREMITY W/O MCC,520028,THE MONROE CLINIC,2005 5TH STREET,MONROE,WI,53566,WI - Madison,101,40725.74,13298.45,11596.11
470 - MAJOR JOINT REPLACEMENT OR REATTACHMENT OF LOWER EXTREMITY W/O MCC,520030,ASPIRUS WAUSAU HOSPITAL,333 PINE RIDGE BLVD,WAUSAU,WI,54401,WI - Wausau,224,33097.4,12656.16,10885.42
470 - MAJOR JOINT REPLACEMENT OR REATTACHMENT OF LOWER EXTREMITY W/O MCC,520033,RIVERVIEW HSPTL ASSOC,410 DEWEY ST PO BOX 8080,WISCONSIN RAPID,WI,54495,WI - Marshfield,144,22885.13,13838.4,12652.12
470 - MAJOR JOINT REPLACEMENT OR REATTACHMENT OF LOWER EXTREMITY W/O MCC,520034,AURORA MED CTR MANITOWOC CTY,5000 MEMORIAL DR,TWO RIVERS,WI,54241,WI - Green Bay,49,39392.93,16189.16,12652.02
470 - MAJOR JOINT REPLACEMENT OR REATTACHMENT OF LOWER EXTREMITY W/O MCC,520035,AURORA SHEBOYGAN MEM MED CTR,2629 N 7TH ST,SHEBOYGAN,WI,53083,WI - Milwaukee,136,42771.59,13499.11,11040.61
470 - MAJOR JOINT REPLACEMENT OR REATTACHMENT OF LOWER EXTREMITY W/O MCC,520037,MINISTRY SAINT JOSEPH'S HOSPITAL,611 ST JOSEPH AVE,MARSHFIELD,WI,54449,WI - Marshfield,184,47332.57,16661,12986.33
470 - MAJOR JOINT REPLACEMENT OR REATTACHMENT OF LOWER EXTREMITY W/O MCC,520038,AURORA MED CENTER-WASHINGTON COUNTY,1032 E SUMNER ST,HARTFORD,WI,53027,WI - Milwaukee,67,46306.17,12521.52,10084.7
470 - MAJOR JOINT REPLACEMENT OR REATTACHMENT OF LOWER EXTREMITY W/O MCC,520041,DIVINE SAVIOR HLTHCARE,"2817 NEW PINERY RD, P O BOX 387",PORTAGE,WI,53901,WI - Madison,30,45979.2,14986.56,13938.56
470 - MAJOR JOINT REPLACEMENT OR REATTACHMENT OF LOWER EXTREMITY W/O MCC,520044,ST NICHOLAS HOSPITAL,3100 SUPERIOR AVE,SHEBOYGAN,WI,53081,WI - Milwaukee,47,41014.72,11291.57,10279.27
470 - MAJOR JOINT REPLACEMENT OR REATTACHMENT OF LOWER EXTREMITY W/O MCC,520045,THEDA CLARK MED CTR,130 2ND ST,NEENAH,WI,54956,WI - Neenah,97,24069.77,12402.98,10377.24
470 - MAJOR JOINT REPLACEMENT OR REATTACHMENT OF LOWER EXTREMITY W/O MCC,520048,MERCY MED CTR OF OSHKOSH,500 S OAKWOOD RD,OSHKOSH,WI,54904,WI - Neenah,220,26614.17,13351.64,10269.46
470 - MAJOR JOINT REPLACEMENT OR REATTACHMENT OF LOWER EXTREMITY W/O MCC,520049,BELLIN MEMORIAL HSPTL,744 S WEBSTER AVE,GREEN BAY,WI,54305,WI - Green Bay,373,30974.17,11938.46,10368.91
470 - MAJOR JOINT REPLACEMENT OR REATTACHMENT OF LOWER EXTREMITY W/O MCC,520051,COLUMBIA ST MARYS HSPTL  MILW (COL & MILW CAMPUS),2323 N LAKE DR,MILWAUKEE,WI,53211,WI - Milwaukee,61,47287.24,15318.16,13959.5
470 - MAJOR JOINT REPLACEMENT OR REATTACHMENT OF LOWER EXTREMITY W/O MCC,520057,ST CLARE HSPTL HLTH SVCS,707 14TH ST,BARABOO,WI,53913,WI - Madison,58,31924.44,14258.41,12664.29
470 - MAJOR JOINT REPLACEMENT OR REATTACHMENT OF LOWER EXTREMITY W/O MCC,520059,AURORA MEMORIAL HSPTL BURLINGTON,252 MCHENRY ST,BURLINGTON,WI,53105,WI - Milwaukee,95,48088.41,12884.18,10139.5
470 - MAJOR JOINT REPLACEMENT OR REATTACHMENT OF LOWER EXTREMITY W/O MCC,520062,OCONOMOWOC MEM HSPTL,791 E SUMMIT AVE,OCONOMOWOC,WI,53066,WI - Milwaukee,157,41000.4,12983.76,10240.26
470 - MAJOR JOINT REPLACEMENT OR REATTACHMENT OF LOWER EXTREMITY W/O MCC,520063,ST JOSEPHS COM HSPTL WEST BEND,3200 PLEASANT VALLEY ROAD,WEST BEND,WI,53095,WI - Milwaukee,46,33774.76,11905.56,10833.21
470 - MAJOR JOINT REPLACEMENT OR REATTACHMENT OF LOWER EXTREMITY W/O MCC,520066,MERCY HLTH SYS CORP,1000 MINERAL POINT AVE,JANESVILLE,WI,53548,WI - Madison,195,52598.73,14085.13,11347.17
470 - MAJOR JOINT REPLACEMENT OR REATTACHMENT OF LOWER EXTREMITY W/O MCC,520070,MAYO CLINIC HEALTH SYSTEM EAU CLAIRE HOSPITAL,1221 WHIPPLE ST,EAU CLAIRE,WI,54703,MN - Minneapolis,225,32604.38,12477.39,10360.53
470 - MAJOR JOINT REPLACEMENT OR REATTACHMENT OF LOWER EXTREMITY W/O MCC,520071,FORT HEALTHCARE,611 SHERMAN AVE E,FORT ATKINSON,WI,53538,WI - Madison,143,31385.29,12483.77,11414.57
470 - MAJOR JOINT REPLACEMENT OR REATTACHMENT OF LOWER EXTREMITY W/O MCC,520075,ST VINCENT HSPTL,835 S VAN BUREN ST,GREEN BAY,WI,54301,WI - Green Bay,103,37353.04,13175.81,10684.23
470 - MAJOR JOINT REPLACEMENT OR REATTACHMENT OF LOWER EXTREMITY W/O MCC,520076,BEAVER DAM COM HSPTL,707 S UNIVERSITY AVE,BEAVER DAM,WI,53916,WI - Madison,88,45018.23,13030.68,11574.84
470 - MAJOR JOINT REPLACEMENT OR REATTACHMENT OF LOWER EXTREMITY W/O MCC,520078,WHEATON FRANCISCAN HEALTHCARE- ST FRANCIS,3237 S 16TH ST,MILWAUKEE,WI,53215,WI - Milwaukee,46,45678.52,14441.41,13073.17
470 - MAJOR JOINT REPLACEMENT OR REATTACHMENT OF LOWER EXTREMITY W/O MCC,520083,ST MARY'S HOSPITAL,700 SOUTH PARK ST,MADISON,WI,53715,WI - Madison,472,29435.52,13859.18,12300.61
470 - MAJOR JOINT REPLACEMENT OR REATTACHMENT OF LOWER EXTREMITY W/O MCC,520087,GUNDERSEN LUTH MED CTR,1910 SOUTH AVE,LA CROSSE,WI,54601,WI - La Crosse,215,27008.18,14048.79,12352.05
470 - MAJOR JOINT REPLACEMENT OR REATTACHMENT OF LOWER EXTREMITY W/O MCC,520088,ST AGNES HSPTL,430 E DIVISON ST,FOND DU LAC,WI,54935,WI - Milwaukee,72,38835.98,12907.02,11448.66
470 - MAJOR JOINT REPLACEMENT OR REATTACHMENT OF LOWER EXTREMITY W/O MCC,520089,MERITER HSPTL,202 S PARK ST,MADISON,WI,53715,WI - Madison,336,43359.07,15554.44,13337.48
470 - MAJOR JOINT REPLACEMENT OR REATTACHMENT OF LOWER EXTREMITY W/O MCC,520091,HOWARD YOUNG MED CTR,240 MAPLE ST PO BOX 470,WOODRUFF,WI,54568,WI - Marshfield,93,33763.91,15093.67,13643.03
470 - MAJOR JOINT REPLACEMENT OR REATTACHMENT OF LOWER EXTREMITY W/O MCC,520095,SAUK PRAIRIE MEM HSPTL,80 FIRST ST,PRAIRIE DU SAC,WI,53578,WI - Madison,248,25058.15,14547.02,12703.64
470 - MAJOR JOINT REPLACEMENT OR REATTACHMENT OF LOWER EXTREMITY W/O MCC,520096,WHEATON FRANCISCAN HEALTHCARE- ALL SAINTS,3801 SPRING ST,RACINE,WI,53405,WI - Milwaukee,163,27775.33,14441.89,12599.24
470 - MAJOR JOINT REPLACEMENT OR REATTACHMENT OF LOWER EXTREMITY W/O MCC,520097,ST MARYS HSPTL MED CTR,1726 SHAWANO AVE,GREEN BAY,WI,54303,WI - Green Bay,103,40468.68,13761.56,9959.92
470 - MAJOR JOINT REPLACEMENT OR REATTACHMENT OF LOWER EXTREMITY W/O MCC,520098,UNIVERSITY OF WI  HOSPITALS & CLINICS AUTHORITY,600 HIGHLAND AVENUE,MADISON,WI,53792,WI - Madison,264,35797.34,19895.24,16633.19
470 - MAJOR JOINT REPLACEMENT OR REATTACHMENT OF LOWER EXTREMITY W/O MCC,520100,BELOIT MEM HSPTL,1969 W HART RD,BELOIT,WI,53511,WI - Madison,85,63728.94,13228.22,11383.97
470 - MAJOR JOINT REPLACEMENT OR REATTACHMENT OF LOWER EXTREMITY W/O MCC,520102,AURORA LAKELAND MED CTR,W3985 CTY RD NN,ELKHORN,WI,53121,WI - Milwaukee,45,52427.35,14607.82,11211.71
470 - MAJOR JOINT REPLACEMENT OR REATTACHMENT OF LOWER EXTREMITY W/O MCC,520103,COMMUNITY MEM HSPTL,W180 N8085 TOWN HALL RD,MENOMONEE FALLS,WI,53051,WI - Milwaukee,226,38515.92,12436.81,10395.03
470 - MAJOR JOINT REPLACEMENT OR REATTACHMENT OF LOWER EXTREMITY W/O MCC,520107,HOLY FAMILY MEMORIAL INC,2300 WESTERN AVE PO BOX 1450,MANITOWOC,WI,54221,WI - Green Bay,125,39980.43,13230.85,10753.25
470 - MAJOR JOINT REPLACEMENT OR REATTACHMENT OF LOWER EXTREMITY W/O MCC,520113,BAY AREA MED CTR,3100 SHORE DR,MARINETTE,WI,54143,WI - Green Bay,57,45301.94,12583.15,11537.33
470 - MAJOR JOINT REPLACEMENT OR REATTACHMENT OF LOWER EXTREMITY W/O MCC,520116,UW HLTH PARTNERS - WATERTOWN REGIONAL MEDICAL CTR,125 HOSPITAL DR,WATERTOWN,WI,53098,WI - Madison,59,36254.91,14568.61,12530.86
470 - MAJOR JOINT REPLACEMENT OR REATTACHMENT OF LOWER EXTREMITY W/O MCC,520136,"WHEATON FRANCISCAN, INC- ST JOSEPH",5000 W CHAMBERS ST,MILWAUKEE,WI,53210,WI - Milwaukee,83,46505.69,17396.19,14232.27
470 - MAJOR JOINT REPLACEMENT OR REATTACHMENT OF LOWER EXTREMITY W/O MCC,520138,AURORA ST LUKES MEDICAL CENTER,2900 W OKLAHOMA AVE,MILWAUKEE,WI,53215,WI - Milwaukee,450,53857.52,15196.85,12581.61
470 - MAJOR JOINT REPLACEMENT OR REATTACHMENT OF LOWER EXTREMITY W/O MCC,520139,AURORA WEST ALLIS MEDICAL CENTER,8901 W LINCOLN AVE,WEST ALLIS,WI,53227,WI - Milwaukee,189,56295.93,13296.87,11055.75
470 - MAJOR JOINT REPLACEMENT OR REATTACHMENT OF LOWER EXTREMITY W/O MCC,520160,APPLETON MED CTR,1818 N MEADE ST,APPLETON,WI,54911,WI - Appleton,172,25659.65,12072.49,10341.74
470 - MAJOR JOINT REPLACEMENT OR REATTACHMENT OF LOWER EXTREMITY W/O MCC,520170,WHEATON FRANCISCAN INC - ELMBROOK MEMORIAL,19333 W NORTH AVE,BROOKFIELD,WI,53045,WI - Milwaukee,132,43453.93,12873.59,10095.21
470 - MAJOR JOINT REPLACEMENT OR REATTACHMENT OF LOWER EXTREMITY W/O MCC,520177,FROEDTERT MEM LUTHERAN HSPTL,9200 W WISCONSIN AVE,MILWAUKEE,WI,53226,WI - Milwaukee,142,45144.14,17954.95,16429.61
470 - MAJOR JOINT REPLACEMENT OR REATTACHMENT OF LOWER EXTREMITY W/O MCC,520189,AURORA MED CTR KENOSHA,10400 75TH ST,KENOSHA,WI,53142,WI - Milwaukee,127,54639.97,14907.7,11324.63
470 - MAJOR JOINT REPLACEMENT OR REATTACHMENT OF LOWER EXTREMITY W/O MCC,520193,AURORA BAYCARE MED CTR,2845 GREENBRIER RD PO BOX 8900,GREEN BAY,WI,54311,WI - Green Bay,103,36664.9,14560.41,9954.69
470 - MAJOR JOINT REPLACEMENT OR REATTACHMENT OF LOWER EXTREMITY W/O MCC,520194,ORTHOPAEDIC HSPTL OF WI,475 W RIVER WOODS PKWY,GLENDALE,WI,53212,WI - Milwaukee,215,41884.15,13219.26,10275.47
470 - MAJOR JOINT REPLACEMENT OR REATTACHMENT OF LOWER EXTREMITY W/O MCC,520196,OAK LEAF SURGCL HSPTL,3802 OAKWOOD MALL DR,EAU CLAIRE,WI,54701,MN - Minneapolis,116,29690.64,11892.52,10054.92
470 - MAJOR JOINT REPLACEMENT OR REATTACHMENT OF LOWER EXTREMITY W/O MCC,520198,AURORA MED CTR OSHKOSH,855 N WESTHAVEN DRIVE,OSHKOSH,WI,54904,WI - Neenah,71,34284.9,12077.54,10481.76
470 - MAJOR JOINT REPLACEMENT OR REATTACHMENT OF LOWER EXTREMITY W/O MCC,520202,ST CLARE'S HOSPITAL OF WESTON INC,3400 MINISTRY PARKWAY,WESTON,WI,54476,WI - Wausau,114,33143.27,12349.45,10845.2
470 - MAJOR JOINT REPLACEMENT OR REATTACHMENT OF LOWER EXTREMITY W/O MCC,520205,"MIDWEST ORTHOPEDIC SPECIALTY HOSPITAL, LLC","10101 SOUTH 27TH STREET,  2ND FLOOR",FRANKLIN,WI,53132,WI - Milwaukee,293,41004.6,11790.35,9246.84
470 - MAJOR JOINT REPLACEMENT OR REATTACHMENT OF LOWER EXTREMITY W/O MCC,520206,AURORA MEDICAL CENTER,36500 AURORA DRIVE,SUMMIT,WI,53066,WI - Milwaukee,46,39455.32,12513.23,8586.02
470 - MAJOR JOINT REPLACEMENT OR REATTACHMENT OF LOWER EXTREMITY W/O MCC,520207,AURORA MEDICAL CENTER,975 PORT WASHINGTON ROAD,GRAFTON,WI,53024,WI - Milwaukee,126,48929.02,11556.68,9679.43
470 - MAJOR JOINT REPLACEMENT OR REATTACHMENT OF LOWER EXTREMITY W/O MCC,530002,CAMPBELL COUNTY MEMORIAL HOSPITAL,501 SOUTH BURMA AVENUE,GILLETTE,WY,82716,MT - Billings,23,44916.43,21093.86,19967.43
470 - MAJOR JOINT REPLACEMENT OR REATTACHMENT OF LOWER EXTREMITY W/O MCC,530006,SHERIDAN MEMORIAL HOSPITAL,1401 W 5TH ST,SHERIDAN,WY,82801,MT - Billings,84,31117.25,20224,19113.85
470 - MAJOR JOINT REPLACEMENT OR REATTACHMENT OF LOWER EXTREMITY W/O MCC,530008,RIVERTON MEMORIAL HOSPITAL,2100 W SUNSET DR,RIVERTON,WY,82501,WY - Casper,12,54994.5,19532,14984.33
470 - MAJOR JOINT REPLACEMENT OR REATTACHMENT OF LOWER EXTREMITY W/O MCC,530010,LANDER REGIONAL HOSPITAL,1320 BISHOP RANDALL DR,LANDER,WY,82520,WY - Casper,37,59143.1,18322.32,14633
470 - MAJOR JOINT REPLACEMENT OR REATTACHMENT OF LOWER EXTREMITY W/O MCC,530011,MEMORIAL HOSPITAL SWEETWATER COUNTY,1200 COLLEGE DRIVE,ROCK SPRINGS,WY,82901,UT - Salt Lake City,11,36823.54,20868,19741.81
470 - MAJOR JOINT REPLACEMENT OR REATTACHMENT OF LOWER EXTREMITY W/O MCC,530012,WYOMING MEDICAL CENTER,1233 EAST 2ND ST,CASPER,WY,82601,WY - Casper,132,59337.44,18540.09,13023.32
470 - MAJOR JOINT REPLACEMENT OR REATTACHMENT OF LOWER EXTREMITY W/O MCC,530014,CHEYENNE REGIONAL MEDICAL CENTER,214 EAST 23RD STREET,CHEYENNE,WY,82001,CO - Fort Collins,128,51423.32,19955.76,16335.11
470 - MAJOR JOINT REPLACEMENT OR REATTACHMENT OF LOWER EXTREMITY W/O MCC,530015,ST JOHNS MEDICAL CENTER,625 EAST BROADWAY,JACKSON,WY,83001,UT - Salt Lake City,48,46176.93,22607.1,21555.22
470 - MAJOR JOINT REPLACEMENT OR REATTACHMENT OF LOWER EXTREMITY W/O MCC,530025,IVINSON MEMORIAL HOSPITAL,255 N 30TH,LARAMIE,WY,82072,CO - Fort Collins,94,43659.74,22353.77,19970.45
470 - MAJOR JOINT REPLACEMENT OR REATTACHMENT OF LOWER EXTREMITY W/O MCC,530032,EVANSTON REGIONAL HOSPITAL,190 ARROWHEAD DR,EVANSTON,WY,82930,UT - Salt Lake City,20,55735.85,16103,15037.2
470 - MAJOR JOINT REPLACEMENT OR REATTACHMENT OF LOWER EXTREMITY W/O MCC,530033,MOUNTAIN VIEW REGIONAL HOSPITAL,6550 EAST 2ND STREET,CASPER,WY,82605,WY - Casper,33,55273.03,11458.33,10455.48
470 - MAJOR JOINT REPLACEMENT OR REATTACHMENT OF LOWER EXTREMITY W/O MCC,670004,ST MARKS MEDICAL CENTER,ONE ST MARK'S PLACE,LA GRANGE,TX,78945,TX - Houston,46,26490.45,12332.06,11205.63
470 - MAJOR JOINT REPLACEMENT OR REATTACHMENT OF LOWER EXTREMITY W/O MCC,670005,MEMORIAL HERMANN SURGICAL HOSPITAL KINGWOOD,300 KINGWOOD MEDICAL DRIVE,KINGWOOD,TX,77339,TX - Houston,56,33018.91,16258.67,14692.46
470 - MAJOR JOINT REPLACEMENT OR REATTACHMENT OF LOWER EXTREMITY W/O MCC,670006,THE HOSPITAL AT WESTLAKE MEDICAL CENTER,"5656 BEE CAVES ROAD, SUITE M-302",AUSTIN,TX,78746,TX - Austin,83,32015.1,16756.89,14325.33
470 - MAJOR JOINT REPLACEMENT OR REATTACHMENT OF LOWER EXTREMITY W/O MCC,670008,HOUSTON PHYSICIANS' HOSPITAL,333 N TEXAS AVENUE,WEBSTER,TX,77598,TX - Houston,97,64206.48,11909.38,9926.39
470 - MAJOR JOINT REPLACEMENT OR REATTACHMENT OF LOWER EXTREMITY W/O MCC,670012,FOUNDATION SURGICAL HOSPITAL,5410 WEST LOOP SOUTH,BELLAIRE,TX,77401,TX - Houston,288,53485.2,11702.53,9910.07
470 - MAJOR JOINT REPLACEMENT OR REATTACHMENT OF LOWER EXTREMITY W/O MCC,670019,UNIVERSITY GENERAL HOSPITAL,7501 FANNIN,HOUSTON,TX,77054,TX - Houston,15,60101.46,12660.4,10339.93
470 - MAJOR JOINT REPLACEMENT OR REATTACHMENT OF LOWER EXTREMITY W/O MCC,670023,METHODIST MANSFIELD MEDICAL CENTER,2700 E BROAD STREET,MANSFIELD,TX,76063,TX - Fort Worth,20,41656.6,11348,10335.6
470 - MAJOR JOINT REPLACEMENT OR REATTACHMENT OF LOWER EXTREMITY W/O MCC,670024,NORTH CYPRESS MEDICAL CENTER,21214 NORTHWEST FREEWAY,CYPRESS,TX,77429,TX - Houston,228,126156.92,13800.21,9517.82
470 - MAJOR JOINT REPLACEMENT OR REATTACHMENT OF LOWER EXTREMITY W/O MCC,670029,FIRST STREET HOSPITAL LP,4801 BISSONNET BLVD,BELLAIRE,TX,77401,TX - Houston,54,65116.62,10702.29,8784.44
470 - MAJOR JOINT REPLACEMENT OR REATTACHMENT OF LOWER EXTREMITY W/O MCC,670031,ST LUKE'S PATIENTS MEDICAL CENTER,4600 EAST SAM HOUSTON PARKWAY SOUTH,PASADENA,TX,77505,TX - Houston,88,47583.94,12000.9,9672.81
470 - MAJOR JOINT REPLACEMENT OR REATTACHMENT OF LOWER EXTREMITY W/O MCC,670034,SCOTT & WHITE HOSPITAL-ROUND ROCK,300 UNIVERSITY BLVD,ROUND ROCK,TX,78664,TX - Austin,171,37389.93,11829.4,10076.01
470 - MAJOR JOINT REPLACEMENT OR REATTACHMENT OF LOWER EXTREMITY W/O MCC,670041,SETON MEDICAL CENTER WILLIAMSON,201 SETON PARKWAY,ROUND ROCK,TX,78664,TX - Austin,47,101092.65,12252.53,11298.7
470 - MAJOR JOINT REPLACEMENT OR REATTACHMENT OF LOWER EXTREMITY W/O MCC,670043,CEDAR PARK REGIONAL MEDICAL CENTER,1401 MEDICAL PARKWAY,CEDAR PARK,TX,78613,TX - Austin,41,78365.12,11957.46,10890.07
470 - MAJOR JOINT REPLACEMENT OR REATTACHMENT OF LOWER EXTREMITY W/O MCC,670044,TEXAS HEALTH PRESBYTERIAN HOSPITAL ROCKWALL,3150 HORIZON ROAD,ROCKWALL,TX,75032,TX - Dallas,76,64048.59,14749.76,9606.97
470 - MAJOR JOINT REPLACEMENT OR REATTACHMENT OF LOWER EXTREMITY W/O MCC,670046,USMD HOSPITAL  AT FORT WORTH LP,5900 DIRKS ROAD,FORT WORTH,TX,76132,TX - Fort Worth,50,53599.08,12907.96,9827.8
470 - MAJOR JOINT REPLACEMENT OR REATTACHMENT OF LOWER EXTREMITY W/O MCC,670047,SIERRA PROVIDENCE EAST MEDICAL CENTER,3280 JOE BATTLE BLVD,EL PASO,TX,79938,TX - El Paso,45,74409.28,12553.71,11458.24
470 - MAJOR JOINT REPLACEMENT OR REATTACHMENT OF LOWER EXTREMITY W/O MCC,670049,NORTH CENTRAL SURGICAL CENTER LLP,9301 NORTH CENTRAL EXPRESSWAY SUITE 100,DALLAS,TX,75231,TX - Dallas,59,33727.03,13729.91,10057.32
470 - MAJOR JOINT REPLACEMENT OR REATTACHMENT OF LOWER EXTREMITY W/O MCC,670053,ST LUKE'S SUGAR LAND HOSPITAL,1317 LAKE POINTE PARKWAY,SUGAR LAND,TX,77478,TX - Houston,29,66878.72,14033.37,11166.72
470 - MAJOR JOINT REPLACEMENT OR REATTACHMENT OF LOWER EXTREMITY W/O MCC,670054,FOUNDATION SURGICAL HOSPITAL OF SAN ANTONIO,9522 HUEBNER ROAD,SAN ANTONIO,TX,78240,TX - San Antonio,73,55260.2,11577.93,9806.13
470 - MAJOR JOINT REPLACEMENT OR REATTACHMENT OF LOWER EXTREMITY W/O MCC,670055,METHODIST STONE OAK HOSPITAL,1139 E SONTERRA BLVD,SAN ANTONIO,TX,78258,TX - San Antonio,128,66962.06,12848.78,9926.05
470 - MAJOR JOINT REPLACEMENT OR REATTACHMENT OF LOWER EXTREMITY W/O MCC,670056,SETON MEDICAL CENTER HAYS,6001 KYLE PKWY,KYLE,TX,78640,TX - Austin,25,95020.04,15980.36,12380.64
470 - MAJOR JOINT REPLACEMENT OR REATTACHMENT OF LOWER EXTREMITY W/O MCC,670059,ST LUKES LAKESIDE HOSPITAL,17400 ST LUKES WAY,THE WOODLANDS,TX,77384,TX - Houston,174,52213.13,17519.85,14684.96
470 - MAJOR JOINT REPLACEMENT OR REATTACHMENT OF LOWER EXTREMITY W/O MCC,670060,TEXAS REGIONAL MEDICAL CENTER AT SUNNYVALE,231 SOUTH COLLINS ROAD,SUNNYVALE,TX,75182,TX - Dallas,81,103179.56,15590.29,13607.28
470 - MAJOR JOINT REPLACEMENT OR REATTACHMENT OF LOWER EXTREMITY W/O MCC,670061,SOUTH TEXAS SURGICAL HOSPITAL,6130 PARKWAY DRIVE,CORPUS CHRISTI,TX,78414,TX - Corpus Christi,151,66867.23,10006.56,8576.52
470 - MAJOR JOINT REPLACEMENT OR REATTACHMENT OF LOWER EXTREMITY W/O MCC,670067,BAYLOR ORTHOPEDIC AND SPINE HOSPITAL AT ARLINGTON,707 HIGHLANDER BLVD,ARLINGTON,TX,76015,TX - Fort Worth,194,49090.9,13432.77,8529.57
470 - MAJOR JOINT REPLACEMENT OR REATTACHMENT OF LOWER EXTREMITY W/O MCC,670068,TEXAS HEALTH PRESBYTERIAN HOSPITAL FLOWER MOUND,4400 LONG PRAIRIE ROAD,FLOWER MOUND,TX,75028,TX - Dallas,46,61863.69,12321.86,10429.26
470 - MAJOR JOINT REPLACEMENT OR REATTACHMENT OF LOWER EXTREMITY W/O MCC,670069,METHODIST MCKINNEY HOSPITAL,8000 W ELDORADO PKWY,MC KINNEY,TX,75070,TX - Dallas,55,32115.5,11180.81,8709.45
470 - MAJOR JOINT REPLACEMENT OR REATTACHMENT OF LOWER EXTREMITY W/O MCC,670073,METHODIST HOSPITAL FOR SURGERY,17101 DALLAS PARKWAY,ADDISON,TX,75001,TX - Dallas,111,28262.56,11821.26,8479.76
470 - MAJOR JOINT REPLACEMENT OR REATTACHMENT OF LOWER EXTREMITY W/O MCC,670076,HERITAGE PARK SURGICAL HOSPITAL,3601 CALAIS DRIVE,SHERMAN,TX,75090,TX - Dallas,18,33310.61,10063.77,8491.44
